{
  "results": [
    {
      "command": "hush src/hush/binary-trees.hsh 10",
      "mean": 0.5116014106800002,
      "stddev": 0.03179681485247742,
      "median": 0.50271177044,
      "user": 0.48796251999999996,
      "system": 0.01818006,
      "min": 0.49158209194,
      "max": 0.68670307094,
      "times": [
        0.51157133294,
        0.5149479879400001,
        0.52608086694,
        0.50652831194,
        0.51471780694,
        0.68670307094,
        0.6239790429400001,
        0.52256137494,
        0.51934550294,
        0.51545763794,
        0.51038440194,
        0.50042258994,
        0.51114500094,
        0.49831645594,
        0.49602523594000003,
        0.49763747394,
        0.5028330949400001,
        0.49997463494000005,
        0.50088467294,
        0.50086242294,
        0.50881549894,
        0.5089891829400001,
        0.50041738894,
        0.51179501494,
        0.5061459069400001,
        0.50112287794,
        0.49760534894,
        0.50487580194,
        0.50259044594,
        0.5053035369400001,
        0.49733381294,
        0.49642225694000003,
        0.49586879094,
        0.49985455794,
        0.49665958894,
        0.52638966394,
        0.49717474794000005,
        0.50240995694,
        0.50700745494,
        0.50714215094,
        0.5358236939400001,
        0.5122194719400001,
        0.49395993794000004,
        0.50147749194,
        0.49678587494000004,
        0.49827495594000004,
        0.4998715019400001,
        0.52232747494,
        0.49158209194,
        0.49344513094000003
      ],
      "exit_codes": [
        0,
        0,
        0,
        0,
        0,
        0,
        0,
        0,
        0,
        0,
        0,
        0,
        0,
        0,
        0,
        0,
        0,
        0,
        0,
        0,
        0,
        0,
        0,
        0,
        0,
        0,
        0,
        0,
        0,
        0,
        0,
        0,
        0,
        0,
        0,
        0,
        0,
        0,
        0,
        0,
        0,
        0,
        0,
        0,
        0,
        0,
        0,
        0,
        0,
        0
      ]
    },
    {
      "command": "python src/python/binary-trees.py 10",
      "mean": 0.04460909608000001,
      "stddev": 0.002879299237354408,
      "median": 0.04595197044,
      "user": 0.03916026,
      "system": 0.0047131199999999995,
      "min": 0.03936728894,
      "max": 0.04928997594,
      "times": [
        0.04079900594,
        0.04736904094,
        0.04319997894,
        0.04148856794,
        0.04813689094,
        0.04599552194,
        0.046434882940000005,
        0.04653062494,
        0.048488857940000005,
        0.04667407994,
        0.041101505940000005,
        0.04682655594,
        0.04162061294,
        0.04186677094,
        0.041533444940000004,
        0.043743966940000004,
        0.04682768894,
        0.04686217094,
        0.039866389940000004,
        0.04591494394,
        0.041838576940000004,
        0.047163975940000005,
        0.046963175940000004,
        0.04654323794,
        0.04825865294,
        0.04124567294,
        0.046525171940000005,
        0.04554939494,
        0.040642043940000004,
        0.04047098594,
        0.045820825940000004,
        0.04928997594,
        0.04097818594,
        0.03936728894,
        0.04146804194,
        0.04646516094,
        0.04600495894,
        0.046969133940000005,
        0.04635310794,
        0.045014256940000004,
        0.04626362994,
        0.04700449894,
        0.04100977794,
        0.04732632194,
        0.04052231294,
        0.047173562940000004,
        0.04598899694,
        0.045452375940000005,
        0.045779441940000005,
        0.03972055394
      ],
      "exit_codes": [
        0,
        0,
        0,
        0,
        0,
        0,
        0,
        0,
        0,
        0,
        0,
        0,
        0,
        0,
        0,
        0,
        0,
        0,
        0,
        0,
        0,
        0,
        0,
        0,
        0,
        0,
        0,
        0,
        0,
        0,
        0,
        0,
        0,
        0,
        0,
        0,
        0,
        0,
        0,
        0,
        0,
        0,
        0,
        0,
        0,
        0,
        0,
        0,
        0,
        0
      ]
    }
  ]
}
