{
  "results": [
    {
      "command": "hush src/hush/fannkuch-redux.hsh 7",
      "mean": 0.11149191360000002,
      "stddev": 0.004994245894267827,
      "median": 0.11061277468000001,
      "user": 0.108917,
      "system": 0.001766888,
      "min": 0.10486356318000001,
      "max": 0.13720338418,
      "times": [
        0.11130588418000001,
        0.11393731518000001,
        0.11252569418000001,
        0.11295047318000001,
        0.10540117118000002,
        0.11516457218000001,
        0.11513046918000001,
        0.11410908418000001,
        0.10486356318000001,
        0.10924135818000001,
        0.10723749618000002,
        0.10997455618000002,
        0.11062764618000001,
        0.10934116018000001,
        0.10623124818000002,
        0.11301402718000002,
        0.10598445918000002,
        0.10658155718000001,
        0.10740926918000002,
        0.11215670718000001,
        0.10811157618000002,
        0.10948834618000002,
        0.11021404818000001,
        0.11059790318000001,
        0.13720338418,
        0.11402917318000001,
        0.10846131918000002,
        0.10945040218000002,
        0.11372181718000002,
        0.10832864418000002,
        0.10875034118000002,
        0.11069315418000002,
        0.10689118418000002,
        0.11552276418000001,
        0.10857704618000001,
        0.10915437618000001,
        0.10855296718000002,
        0.10635368618000002,
        0.11483334118000002,
        0.11655225318000001,
        0.11322341618000001,
        0.11453472418000002,
        0.11058642218000002,
        0.10785003418000001,
        0.11444868418000001,
        0.11588868418,
        0.11483350218000002,
        0.11118580618000001,
        0.11587341918000002,
        0.11749554818000002
      ],
      "exit_codes": [
        0,
        0,
        0,
        0,
        0,
        0,
        0,
        0,
        0,
        0,
        0,
        0,
        0,
        0,
        0,
        0,
        0,
        0,
        0,
        0,
        0,
        0,
        0,
        0,
        0,
        0,
        0,
        0,
        0,
        0,
        0,
        0,
        0,
        0,
        0,
        0,
        0,
        0,
        0,
        0,
        0,
        0,
        0,
        0,
        0,
        0,
        0,
        0,
        0,
        0
      ]
    },
    {
      "command": "python src/python/fannkuch-redux.py 7",
      "mean": 0.03407400896000001,
      "stddev": 0.0024399918622725987,
      "median": 0.03482478068,
      "user": 0.028764620000000005,
      "system": 0.004688559999999999,
      "min": 0.02853056218,
      "max": 0.03779485618,
      "times": [
        0.03676431418,
        0.03628666118,
        0.035173092180000004,
        0.03617127918,
        0.03626191618,
        0.036161518180000005,
        0.032334089180000004,
        0.03050447218,
        0.03079587718,
        0.036890877180000003,
        0.036694491180000004,
        0.03669145418,
        0.035530202180000005,
        0.03481861518,
        0.030298901180000004,
        0.03240603818,
        0.03768942718,
        0.035421801180000004,
        0.03142562618,
        0.03051914518,
        0.03405688618,
        0.03585077818,
        0.03608028818,
        0.03295034218,
        0.03566537318,
        0.035427338180000004,
        0.03626132018,
        0.03336295318,
        0.03771018318,
        0.031107329180000004,
        0.03546138018,
        0.034769406180000004,
        0.03205425018,
        0.03483665918,
        0.03595856218,
        0.03426376018,
        0.03089227118,
        0.03155269818,
        0.02853056218,
        0.030034125180000003,
        0.029970461179999998,
        0.03300427418,
        0.03225217918,
        0.03139138718,
        0.03481779118,
        0.03483094618,
        0.03559692718,
        0.03311529618,
        0.03526006418,
        0.03779485618
      ],
      "exit_codes": [
        0,
        0,
        0,
        0,
        0,
        0,
        0,
        0,
        0,
        0,
        0,
        0,
        0,
        0,
        0,
        0,
        0,
        0,
        0,
        0,
        0,
        0,
        0,
        0,
        0,
        0,
        0,
        0,
        0,
        0,
        0,
        0,
        0,
        0,
        0,
        0,
        0,
        0,
        0,
        0,
        0,
        0,
        0,
        0,
        0,
        0,
        0,
        0,
        0,
        0
      ]
    }
  ]
}
