{
  "results": [
    {
      "command": "hush src/hush/fasta.hsh 1000",
      "mean": 0.04951637098,
      "stddev": 0.0036913558127897967,
      "median": 0.0490841519,
      "user": 0.047251440000000006,
      "system": 0.0015787351999999996,
      "min": 0.044743564900000005,
      "max": 0.061787423900000006,
      "times": [
        0.0488679199,
        0.0516155609,
        0.0508712889,
        0.048596134900000004,
        0.0459706979,
        0.0455480219,
        0.0495904969,
        0.0517213059,
        0.0511175119,
        0.0471490589,
        0.053448416900000004,
        0.0459068569,
        0.0460502979,
        0.061787423900000006,
        0.0515889199,
        0.051091893900000004,
        0.0468104509,
        0.0455451079,
        0.045949153900000005,
        0.044743564900000005,
        0.0475061789,
        0.0457323729,
        0.0490998429,
        0.0462902129,
        0.0462054149,
        0.0488223819,
        0.0536016089,
        0.0453167949,
        0.0453753279,
        0.052343225900000005,
        0.0588407829,
        0.0471261869,
        0.0538561819,
        0.0519197709,
        0.0523591469,
        0.051715207900000004,
        0.0456238699,
        0.0448974349,
        0.0490684609,
        0.052447661900000005,
        0.0477558549,
        0.0459736149,
        0.051062140900000004,
        0.0511956189,
        0.0514669289,
        0.0525731469,
        0.052913478900000005,
        0.0451365269,
        0.0533574209,
        0.0522656649
      ],
      "exit_codes": [
        0,
        0,
        0,
        0,
        0,
        0,
        0,
        0,
        0,
        0,
        0,
        0,
        0,
        0,
        0,
        0,
        0,
        0,
        0,
        0,
        0,
        0,
        0,
        0,
        0,
        0,
        0,
        0,
        0,
        0,
        0,
        0,
        0,
        0,
        0,
        0,
        0,
        0,
        0,
        0,
        0,
        0,
        0,
        0,
        0,
        0,
        0,
        0,
        0,
        0
      ]
    },
    {
      "command": "python src/python/fasta.py 1000",
      "mean": 0.026456552660000004,
      "stddev": 0.002414304719744716,
      "median": 0.027310803400000003,
      "user": 0.020494920000000003,
      "system": 0.005346979999999999,
      "min": 0.0227493489,
      "max": 0.0305527669,
      "times": [
        0.0305527669,
        0.024480944900000003,
        0.0292748189,
        0.027370445900000005,
        0.023864061900000004,
        0.0240651639,
        0.023865539900000003,
        0.0282777789,
        0.0283448059,
        0.0305048469,
        0.026859376900000002,
        0.0276337829,
        0.0235382429,
        0.023358444900000004,
        0.0236840539,
        0.0247013549,
        0.024702602900000002,
        0.023674676900000004,
        0.027416985900000003,
        0.0231383109,
        0.023656576900000004,
        0.0269554439,
        0.0234510079,
        0.028460978900000003,
        0.028101017900000004,
        0.027525772900000002,
        0.0286818239,
        0.0279747719,
        0.0272511609,
        0.0227778489,
        0.023180936900000004,
        0.0287586939,
        0.0238109009,
        0.028948885900000006,
        0.0253153469,
        0.0227493489,
        0.0278061739,
        0.023396305900000004,
        0.030046538900000003,
        0.028293583900000002,
        0.028980346900000002,
        0.0275767439,
        0.0276207739,
        0.0291492789,
        0.0290023009,
        0.023185457900000005,
        0.0287983859,
        0.0271738709,
        0.0267207229,
        0.0281676239
      ],
      "exit_codes": [
        0,
        0,
        0,
        0,
        0,
        0,
        0,
        0,
        0,
        0,
        0,
        0,
        0,
        0,
        0,
        0,
        0,
        0,
        0,
        0,
        0,
        0,
        0,
        0,
        0,
        0,
        0,
        0,
        0,
        0,
        0,
        0,
        0,
        0,
        0,
        0,
        0,
        0,
        0,
        0,
        0,
        0,
        0,
        0,
        0,
        0,
        0,
        0,
        0,
        0
      ]
    }
  ]
}
