{
  "results": [
    {
      "command": "hush src/hush/regex-redux.hsh < rr-input1000.txt",
      "mean": 0.03480243342000002,
      "stddev": 0.0032913039186286395,
      "median": 0.03425976216,
      "user": 0.03029084,
      "system": 0.00442136,
      "min": 0.028945832160000004,
      "max": 0.040910282160000006,
      "times": [
        0.03297515216000001,
        0.03860638416000001,
        0.03287933916000001,
        0.03922377916000001,
        0.039928552160000005,
        0.03290301416,
        0.04034502116,
        0.040424060160000004,
        0.03318952716,
        0.040910282160000006,
        0.033574582160000005,
        0.03403531816,
        0.03788097816,
        0.03441184916,
        0.03713104516,
        0.03836193016,
        0.03537762316,
        0.039619411160000007,
        0.038233498160000004,
        0.03599652716000001,
        0.03591216616,
        0.04018935416,
        0.036820767160000004,
        0.03170563416,
        0.03188335616,
        0.03453181516000001,
        0.03410767516,
        0.031647060160000004,
        0.03083067616,
        0.03300644516,
        0.030298506160000002,
        0.031109636160000002,
        0.031785634160000006,
        0.028945832160000004,
        0.03661158316,
        0.03251749016,
        0.035327421160000004,
        0.03146875616000001,
        0.029860407160000005,
        0.036291957160000006,
        0.039095067160000004,
        0.03743895716,
        0.03294571516000001,
        0.032116253160000004,
        0.031416012160000006,
        0.031283423160000004,
        0.03140711016,
        0.03696201416,
        0.03482759416,
        0.031769477160000004
      ],
      "exit_codes": [
        0,
        0,
        0,
        0,
        0,
        0,
        0,
        0,
        0,
        0,
        0,
        0,
        0,
        0,
        0,
        0,
        0,
        0,
        0,
        0,
        0,
        0,
        0,
        0,
        0,
        0,
        0,
        0,
        0,
        0,
        0,
        0,
        0,
        0,
        0,
        0,
        0,
        0,
        0,
        0,
        0,
        0,
        0,
        0,
        0,
        0,
        0,
        0,
        0,
        0
      ]
    },
    {
      "command": "python src/python/regex-redux.py < rr-input1000.txt",
      "mean": 0.08537384026000003,
      "stddev": 0.003037122667928974,
      "median": 0.08631466216,
      "user": 0.07700421999999998,
      "system": 0.03783289999999999,
      "min": 0.07957579116,
      "max": 0.09023744816000001,
      "times": [
        0.08961562816,
        0.08950768816,
        0.08579139616,
        0.08072579416,
        0.08611687916,
        0.08628002516000001,
        0.09023744816000001,
        0.08709824916,
        0.08371105916,
        0.08099787216000001,
        0.08054038516,
        0.08567609516000001,
        0.08703772916000001,
        0.08174809516,
        0.08698304716000001,
        0.08260800116000001,
        0.08582465516000001,
        0.08711224416,
        0.08684906416,
        0.08790106616000001,
        0.08031765516,
        0.08043856716,
        0.08611440216,
        0.08097390916000001,
        0.08726041516000001,
        0.08558621716,
        0.07968414616000001,
        0.08736592916000001,
        0.08800759916,
        0.08587376916,
        0.08162527516000001,
        0.08783121516,
        0.08493733416,
        0.08936531816000001,
        0.08747376416000001,
        0.08803639516,
        0.08099091016000001,
        0.08848018516,
        0.08817969316,
        0.08647944416,
        0.08657839116,
        0.08260108616,
        0.08096237216,
        0.08634929916,
        0.08685740116000001,
        0.08557570616,
        0.08829556316,
        0.08752997016000001,
        0.07957579116,
        0.08698186616
      ],
      "exit_codes": [
        0,
        0,
        0,
        0,
        0,
        0,
        0,
        0,
        0,
        0,
        0,
        0,
        0,
        0,
        0,
        0,
        0,
        0,
        0,
        0,
        0,
        0,
        0,
        0,
        0,
        0,
        0,
        0,
        0,
        0,
        0,
        0,
        0,
        0,
        0,
        0,
        0,
        0,
        0,
        0,
        0,
        0,
        0,
        0,
        0,
        0,
        0,
        0,
        0,
        0
      ]
    }
  ]
}
