{
  "results": [
    {
      "command": "hush src/hush/spectral-norm.hsh 100",
      "mean": 1.7359985145,
      "stddev": 0.062043554652177264,
      "median": 1.72723605436,
      "user": 1.67325762,
      "system": 0.0018799704000000003,
      "min": 1.64543491236,
      "max": 1.94116979236,
      "times": [
        1.67723823936,
        1.70714766636,
        1.67106698236,
        1.72582542336,
        1.6847735343599999,
        1.66854148136,
        1.71878483036,
        1.72074495436,
        1.7528213803600001,
        1.78739470136,
        1.94116979236,
        1.7328590503599999,
        1.65414864436,
        1.67051492536,
        1.67862738036,
        1.64543491236,
        1.76044024336,
        1.6830194463600001,
        1.7177331413599999,
        1.72738900236,
        1.73340630536,
        1.7564082373599998,
        1.91933217636,
        1.8134500153600002,
        1.83456824036,
        1.6487217653600001,
        1.6899457203600001,
        1.65223404836,
        1.6815941003600001,
        1.73798851436,
        1.69873796936,
        1.73718103436,
        1.72711362936,
        1.77349316336,
        1.7911835673599998,
        1.77089740336,
        1.70538772536,
        1.72735847936,
        1.78150058336,
        1.68996098936,
        1.7202415233600001,
        1.70349673336,
        1.79659509536,
        1.74391619436,
        1.80201595136,
        1.76226460536,
        1.80693423736,
        1.71305143136,
        1.78355231936,
        1.77171823336
      ],
      "exit_codes": [
        0,
        0,
        0,
        0,
        0,
        0,
        0,
        0,
        0,
        0,
        0,
        0,
        0,
        0,
        0,
        0,
        0,
        0,
        0,
        0,
        0,
        0,
        0,
        0,
        0,
        0,
        0,
        0,
        0,
        0,
        0,
        0,
        0,
        0,
        0,
        0,
        0,
        0,
        0,
        0,
        0,
        0,
        0,
        0,
        0,
        0,
        0,
        0,
        0,
        0
      ]
    },
    {
      "command": "python src/python/spectral-norm.py 100",
      "mean": 0.17116167305999996,
      "stddev": 0.008246773181431548,
      "median": 0.17008783736,
      "user": 0.16015072,
      "system": 0.00490934,
      "min": 0.15933823336000003,
      "max": 0.20122695436000002,
      "times": [
        0.17499283036000002,
        0.17061240936000002,
        0.17722846936000003,
        0.16974069236000003,
        0.17919512936,
        0.16486031736,
        0.16353678736000002,
        0.16432839636000002,
        0.16625791636,
        0.17254189436000003,
        0.16953021536000001,
        0.16758574736,
        0.16593286936,
        0.16452387436000002,
        0.16926779136000003,
        0.16619813036000003,
        0.16247208336000002,
        0.17837821136,
        0.17943841536000002,
        0.16998261136,
        0.17629638636000003,
        0.17215329736,
        0.17458587236000003,
        0.16488816136,
        0.16766759336000003,
        0.16097317436000003,
        0.16643402036000002,
        0.17693465836000002,
        0.17218418436000002,
        0.20122695436000002,
        0.17876289836000003,
        0.17216928936000003,
        0.17648973536,
        0.17304850236000002,
        0.17482251436000001,
        0.17240161536,
        0.17694291636000004,
        0.17356051336000003,
        0.16874744636000003,
        0.20049573636,
        0.16555021736000003,
        0.15933823336000003,
        0.16112197936000003,
        0.16062680436000001,
        0.16318878236000003,
        0.16465899636000003,
        0.17290322736000002,
        0.17019306336,
        0.17753965436000002,
        0.16557243236000002
      ],
      "exit_codes": [
        0,
        0,
        0,
        0,
        0,
        0,
        0,
        0,
        0,
        0,
        0,
        0,
        0,
        0,
        0,
        0,
        0,
        0,
        0,
        0,
        0,
        0,
        0,
        0,
        0,
        0,
        0,
        0,
        0,
        0,
        0,
        0,
        0,
        0,
        0,
        0,
        0,
        0,
        0,
        0,
        0,
        0,
        0,
        0,
        0,
        0,
        0,
        0,
        0,
        0
      ]
    }
  ]
}
